{
  "project_info": {
    "project_number": "1083945275899",
    "firebase_url": "https://my-project-1-214619.firebaseio.com",
    "project_id": "my-project-1-214619",
    "storage_bucket": "my-project-1-214619.appspot.com"
  },
  "client": [
    {
      "client_info": {
        "mobilesdk_app_id": "1:1083945275899:android:f3f808d12e57dcb1",
        "android_client_info": {
          "package_name": "com.iniciativascomfacesar.serviamigo"
        }
      },
      "oauth_client": [
        {
          "client_id": "1083945275899-mkfj4s6616tpucfqj2462piakrmi3fjp.apps.googleusercontent.com",
          "client_type": 1,
          "android_info": {
            "package_name": "com.iniciativascomfacesar.serviamigo",
            "certificate_hash": "9355d53946866dca5e75ae986cd67043e450929b"
          }
        },
        {
          "client_id": "1083945275899-tlivef0dd8d2tctaoktb53gttc1dkbns.apps.googleusercontent.com",
          "client_type": 3
        }
      ],
      "api_key": [
        {
          "current_key": "AIzaSyAsmUar5u4PneW945IAZITYXQiJJJ_76FU"
        }
      ],
      "services": {
        "appinvite_service": {
          "other_platform_oauth_client": [
            {
              "client_id": "1083945275899-tlivef0dd8d2tctaoktb53gttc1dkbns.apps.googleusercontent.com",
              "client_type": 3
            }
          ]
        }
      }
    }
  ],
  "configuration_version": "1"
}